Hotel_ID,City,Country,Max Temp,Description,Lat,Lng,Hotel Name
1,Souillac,MU,73.69,clear sky,-20.5167,57.5167,Shanti Maurice Resort & Spa
2,Beloha,MG,79.45,few clouds,-25.1667,45.05,
5,Tonj,SS,90.77,overcast clouds,7.2737,28.6822,Lakan Hotel
6,Kloulklubed,PW,83.59,few clouds,7.0419,134.2556,Storyboard Beach Resort
7,Plettenberg Bay,ZA,67.8,scattered clouds,-34.0527,23.3716,Thanda Vista B&B
11,Ihosy,MG,82.38,clear sky,-22.4,46.1167,Tamana hôtel
13,Georgetown,MY,81.23,scattered clouds,5.4112,100.3354,Cititel Penang
16,Bulungu,CD,83.91,light rain,-4.55,18.6,Maison MC Michel
18,Pangai,TO,78.48,light rain,-19.8,-174.35,Ha'apai Beach Resort
25,Carnarvon,AU,66.79,clear sky,-24.8667,113.6333,Hospitality Carnarvon
26,Castro,BR,75.34,clear sky,-24.7911,-50.0119,CHACARA BAILLY
28,Sassandra,CI,83.21,light rain,4.95,-6.0833,la terrasse
29,Vila Velha,BR,80.55,scattered clouds,-20.3297,-40.2925,Hotel Vitória Palace
31,Hermanus,ZA,69.8,clear sky,-34.4187,19.2345,Misty Waves Boutique Hotel
32,Kirakira,SB,78.46,light rain,-10.4544,161.9205,SanBiz Lodge
34,Bengkulu,ID,76.6,overcast clouds,-3.8004,102.2655,Grage Hotel Bengkulu
35,Kavieng,PG,81.05,light rain,-2.5744,150.7967,Nusa Island Retreat
37,Rikitea,PF,73.51,overcast clouds,-23.1203,-134.9692,People ThankYou
39,Hithadhoo,MV,81.93,few clouds,-0.6,73.0833,Scoop Guest House
40,Bandar-E Lengeh,IR,83.07,clear sky,26.5579,54.8807,کافی نت پارس
41,Sinnamary,GF,83.03,moderate rain,5.3833,-52.95,ALETHEIA Appartement Sinnamary
44,Saint-Philippe,RE,78.39,clear sky,-21.3585,55.7679,Le four à pain
46,Whyalla,AU,66.09,haze,-33.0333,137.5833,Foreshore Motor Inn
47,Bambous Virieux,MU,76.21,clear sky,-20.3428,57.7575,Casa Tia Villa
49,Port Alfred,ZA,75.49,moderate rain,-33.5906,26.891,The Halyards Hotel & Spa
50,Cam Ranh,VN,75.16,broken clouds,11.9214,109.1591,OYO 598 Peony Hotel
51,Nador,MA,77.25,clear sky,35.174,-2.9287,Hôtel La Giralda
52,Ribeira Grande,PT,65.77,broken clouds,38.5167,-28.7,Quinta da Meia Eira
56,Isangel,VU,77.85,overcast clouds,-19.55,169.2667,Tanna Lodge
57,Songwa,TZ,77.31,broken clouds,-3.5167,33.5167,
59,Butaritari,KI,80.49,broken clouds,3.0707,172.7902,Isles Sunset Lodge
65,Vao,NC,73.15,overcast clouds,-22.6667,167.4833,Hotel Kou-Bugny
66,Mahebourg,MU,76.24,clear sky,-20.4081,57.7,Shandrani Beachcomber Resort & Spa
67,Cape Town,ZA,74.12,clear sky,-33.9258,18.4232,"Radisson Blu Hotel Waterfront, Cape Town"
68,Kapaa,US,74.1,broken clouds,22.0752,-159.319,Sheraton Kauai Coconut Beach Resort
70,Pochutla,MX,76.82,broken clouds,15.7432,-96.4661,Hotel Posada San Jose
73,Puerto Ayora,EC,69.55,overcast clouds,-0.7393,-90.3518,Finch Bay Galapagos Hotel
74,Muriti,TZ,71.56,overcast clouds,-1.9833,32.9167,
75,Vallenar,CL,68.11,overcast clouds,-28.5708,-70.7581,Humacao Bed & Breakfast
77,Palauig,PH,82.02,clear sky,15.435,119.9045,Villa Raphael Resort
82,Noumea,NC,77.0,overcast clouds,-22.2763,166.4572,Hôtel Le Lagon
86,Popondetta,PG,75.09,heavy intensity rain,-8.7537,148.2534,Timos Transit House
88,Pisco,PE,65.01,mist,-13.7,-76.2167,Hotel San Isidro Oficial
90,Dingle,PH,77.18,clear sky,10.9995,122.6711,SEGAYA PROPERTY
91,Saldanha,ZA,66.92,clear sky,-33.0117,17.9442,Blue Bay Lodge
92,Sao Gabriel Da Cachoeira,BR,82.49,overcast clouds,-0.1303,-67.0892,Alarne - Área De Lazer Do Alto Rio Negro
93,Atuona,PF,77.74,clear sky,-9.8,-139.0333,Villa Enata
94,Yulara,AU,79.21,clear sky,-25.2406,130.9889,Desert Gardens Hotel - Ayers Rock Resort
96,Chuy,UY,74.53,clear sky,-33.6971,-53.4616,Nuevo Hotel Plaza
99,Cervo,ES,69.96,broken clouds,43.6702,-7.4101,Hotel Spa Galatea
101,Padang,ID,77.05,overcast clouds,-0.9492,100.3543,Mercure Padang
103,Kedungwaru,ID,76.33,overcast clouds,-8.0667,111.9167,Lojikka Hotel
105,Vangaindrano,MG,78.17,clear sky,-23.35,47.6,Hotel Fanilo
106,Vaini,TO,73.56,scattered clouds,-21.2,-175.2,Keleti Beach Resort
108,Kidal,ML,90.34,overcast clouds,18.4411,1.4078,
111,Moree,AU,71.87,broken clouds,-29.4667,149.85,Molika Springs Motel
114,Nushki,PK,67.28,overcast clouds,29.5542,66.0215,Shams hotel
117,San Ramon De La Nueva Oran,AR,91.42,clear sky,-23.1322,-64.326,Hotel Residencial Centro
118,Chenzhou,CN,73.63,clear sky,25.8,113.0333,Thank Inn Chain Hotel hunan chenzhou beihu district wuling square
119,Bathsheba,BB,86.61,few clouds,13.2167,-59.5167,Atlantis Hotel
120,Salalah,OM,81.07,clear sky,17.0151,54.0924,"HAMDAN PLAZA HOTEL SALALAH, an HTG Hotel"
121,Cururupu,BR,83.86,overcast clouds,-1.8283,-44.8683,POUSADA TRAVÉS'CIA
124,Bredasdorp,ZA,79.14,clear sky,-34.5322,20.0403,Bredasdorp Country Manor
126,Atambua,ID,76.98,overcast clouds,-9.1061,124.8925,Ros Muskanan
128,Salina Cruz,MX,80.11,scattered clouds,16.1667,-95.2,Amerik HOTEL
129,Kieta,PG,78.48,light rain,-6.2167,155.6333,Uruna Bay Retreat
131,Lorengau,PG,79.61,overcast clouds,-2.0226,147.2712,Lorengau Harbourside Hotel
132,Sarankhola,BD,71.01,clear sky,22.3082,89.7897,Red Crescent Cyclone Shelter Rashulpur
135,Kiama,AU,66.0,light rain,-34.6833,150.8667,The Sebel Kiama Harbourside
137,Port Blair,IN,81.23,overcast clouds,11.6667,92.75,"Welcomhotel By ITC Hotels, Bay Island, Port Blair"
138,Bosaso,SO,80.64,few clouds,11.2842,49.1816,Red Sea Hotel
141,Idlib,SY,67.68,clear sky,35.9306,36.6339,مركز تسيل للتجميل
144,Venado Tuerto,AR,66.76,moderate rain,-33.7456,-61.9688,La Bianca.
145,Long Xuyen,VN,75.15,overcast clouds,10.3833,105.4167,Nhà nghĩ Vy Linh
147,Faanui,PF,77.52,overcast clouds,-16.4833,-151.75,Bora-Bora Pearl Beach Resort & Spa
151,Aripuana,BR,87.37,overcast clouds,-9.1667,-60.6333,
153,Araouane,ML,91.85,overcast clouds,18.9048,-3.5265,
155,Mayo,US,67.17,clear sky,38.8876,-76.5119,Resorts Resource Group International
156,Sao Joao Da Barra,BR,80.69,light rain,-21.6403,-41.0511,Pousada Porto De Canoas
158,Brandon,US,76.08,mist,27.9378,-82.2859,Embassy Suites by Hilton Tampa Brandon
159,Lata,PT,73.49,clear sky,40.1629,-8.3327,Casa Maquia
161,Mar Del Plata,AR,77.83,broken clouds,-38.0023,-57.5575,Gran Hotel Mar del Plata
163,Asosa,ET,73.04,overcast clouds,10.0667,34.5333,Blendana Hotel Assosa
164,Caravelas,BR,85.35,overcast clouds,-17.7125,-39.2481,Pousada dos Navegantes
165,Hilo,US,69.24,scattered clouds,19.7297,-155.09,Hilo Hawaiian Hotel
169,Grand Gaube,MU,76.37,few clouds,-20.0064,57.6608,Veranda Paul et Virginie Hotel & Spa
171,Inhambane,MZ,84.18,scattered clouds,-23.865,35.3833,Oceano
174,Parrita,CR,78.98,overcast clouds,9.5201,-84.3225,Beso del Viento
177,Sangmelima,CM,80.4,light rain,2.9333,11.9833,gamestar hotel
179,Kahului,US,75.85,broken clouds,20.8947,-156.47,Maui Seaside Hotel
180,Ambilobe,MG,81.73,light rain,-13.2,49.05,Hôtel & Restaurant DIANA Ambilobe
182,Manacor,ES,74.34,clear sky,39.5696,3.2096,Hotel Can Guixa
184,Cape Canaveral,US,76.06,clear sky,28.4058,-80.6048,Residence Inn by Marriott Cape Canaveral Cocoa Beach
187,Zamora,EC,78.84,overcast clouds,-4.0692,-78.9567,Cabañas Ecológicas Copalinga
190,Cidreira,BR,72.61,broken clouds,-30.1811,-50.2056,Hotel Castelo
191,Catuday,PH,81.16,clear sky,16.2923,119.8062,Benjie's Kubo & Cottages
193,Nalut,LY,71.29,clear sky,30.3333,10.85,
194,Marsh Harbour,BS,80.17,clear sky,26.5412,-77.0636,Abaco Beach Resort
195,Kruisfontein,ZA,66.85,broken clouds,-34.0033,24.7314,Oyster Bay House Rental
197,Victoria,HK,77.32,clear sky,22.2855,114.1577,Mini Central
198,Cabo San Lucas,MX,69.06,broken clouds,22.8909,-109.9124,Hotel Tesoro Los Cabos
200,Nouadhibou,MR,71.17,clear sky,20.931,-17.0347,El Medina
201,Hualmay,PE,66.56,broken clouds,-11.0964,-77.6139,Hotel Villa Kitzia Huacho
204,Los Llanos De Aridane,ES,71.35,broken clouds,28.6585,-17.9182,Valle Aridane
207,Remanso,BR,86.68,few clouds,-9.6179,-42.0831,Hotel Mangueira
215,Sainte-Maxime,FR,69.93,overcast clouds,43.3,6.6333,Hôtel Les Jardins De Sainte Maxime
218,Kralendijk,BQ,76.98,broken clouds,12.15,-68.2667,Divi Flamingo Beach Resort & Casino
219,Jinxiang,CN,69.64,clear sky,27.4327,120.6062,Wolong Village
221,Porbandar,IN,83.44,clear sky,21.6422,69.6093,Lords Inn Porbandar
222,La Asuncion,VE,82.26,broken clouds,11.0333,-63.8628,Colinas de Matasiete
224,Saint-Joseph,RE,77.38,clear sky,-21.3667,55.6167,"""Plantation Bed and Breakfast"
225,Rabo De Peixe,PT,66.27,broken clouds,37.8,-25.5833,Quinta das Giestas
228,Kavaratti,IN,79.05,light rain,10.5669,72.642,Green leaf
229,Sao Filipe,CV,77.27,overcast clouds,14.8961,-24.4956,Hotel Xaguate
230,Umm Kaddadah,SD,86.92,few clouds,13.6017,26.6876,
231,Nioro,GM,93.94,scattered clouds,13.35,-15.75,
232,Baculin,PH,79.07,scattered clouds,7.4525,126.5842,Baculin Cove Beach Resort
233,Nabire,ID,76.1,overcast clouds,-3.3667,135.4833,Hotel Nusantara I
235,Muros,ES,72.68,overcast clouds,42.7762,-9.0603,Apartment Av. Castelao
239,Dhidhdhoo,MV,82.08,overcast clouds,6.8833,73.1,Dhidhoo beach
240,Salinopolis,BR,83.28,scattered clouds,-0.6136,-47.3561,Salinas Park Resort Maçarico AP101
241,Bethel,US,69.19,overcast clouds,41.3712,-73.414,Courtyard by Marriott Danbury
242,Farah,AF,66.0,overcast clouds,32.5,62.5,
244,Sao Miguel Do Araguaia,BR,90.57,light rain,-13.275,-50.1628,Hotel Executivo Palace
245,Sembe,CG,83.44,light rain,1.6481,14.5806,
246,Gaya,IN,70.09,clear sky,24.7833,85.0,Hotel Viraat Inn Gaya
247,Port Moresby,PG,76.96,scattered clouds,-9.4431,147.1797,Lamana Hotel (Port Moresby)
249,Isla Mujeres,MX,78.85,clear sky,21.2311,-86.731,Hotel La Joya Isla Mujeres
252,Khash,IR,69.57,scattered clouds,28.2211,61.2158,Mahmud's House
254,Arraial Do Cabo,BR,80.46,scattered clouds,-22.9661,-42.0278,Pousada Porto Praia
255,Port Hedland,AU,75.25,clear sky,-20.3167,118.5667,The Esplanade Hotel
256,Avarua,CK,71.65,broken clouds,-21.2078,-159.775,Paradise Inn
257,Oyama,JP,67.59,scattered clouds,36.3,139.8,Toyoko Inn Oyama-eki Higashi-guchi No.1
264,Cockburn Town,TC,81.75,clear sky,21.4612,-71.1419,Osprey Beach Hotel
265,East London,ZA,76.14,thunderstorm,-33.0153,27.9116,Tu Casa
272,Watsa,CD,65.57,overcast clouds,3.0372,29.5355,Hôtel Le Pacifique
274,Meulaboh,ID,75.79,light rain,4.1363,96.1285,Kost Pria
277,Orbetello,IT,65.43,overcast clouds,42.4408,11.2196,Argentario Golf & Wellness Resort
278,San Andres,CO,86.02,few clouds,12.5847,-81.7006,Hotel Arena Blanca
282,Asfi,MA,70.79,clear sky,32.2994,-9.2372,Hôtel Abda
284,Rock Sound,BS,80.94,overcast clouds,24.9,-76.2,Pink Corral Bay Property
286,Tripoli,LY,71.06,clear sky,32.8752,13.1875,Al Waddan Hotel
287,Touros,BR,85.57,scattered clouds,-5.1989,-35.4608,INN NEW HORIZON
288,Angoche,MZ,83.43,clear sky,-16.2325,39.9086,Guest House HESADA
289,Naraini,IN,70.9,clear sky,25.1833,80.4833,Chaurasiya marriage hall
290,Abaete,BR,82.26,overcast clouds,-19.16,-45.4458,Hotel Millenium
293,Pantai Remis,MY,77.94,moderate rain,4.4557,100.6288,Leisure Homestay
294,Makakilo City,US,73.72,overcast clouds,21.3469,-158.0858,Marriott's Ko Olina Beach Club
296,Mahajanga,MG,82.42,scattered clouds,-15.7167,46.3167,Hôtel Restaurant Gourmand Coco Lodge Majunga
297,Kalmunai,LK,77.97,moderate rain,7.4167,81.8167,VS Villa
298,Serik,TR,73.65,clear sky,36.9169,31.0989,Tui Day & Night Connected
299,Ilebo,CD,85.41,overcast clouds,-4.3167,20.5833,Hôtel BUMAK
303,Karratha,AU,75.81,clear sky,-20.7377,116.8463,ibis Styles Karratha
304,Westport,US,70.27,few clouds,41.1415,-73.3579,The Westport Inn
305,Ballina,AU,69.01,overcast clouds,-28.8667,153.5667,Ramada Hotel & Suites by Wyndham Ballina Byron
307,Mitsamiouli,KM,79.07,scattered clouds,-11.3847,43.2844,Foyer ADM
308,Raga,SS,89.82,overcast clouds,8.4596,25.678,
309,Mananjary,MG,77.76,clear sky,-21.2167,48.3333,Vahiny Lodge
311,Port-Gentil,GA,80.56,broken clouds,-0.7193,8.7815,Fengshui Residence
313,Sorong,ID,82.63,overcast clouds,-0.8833,131.25,Waigo Splash Hotel
314,Laibin,CN,75.94,clear sky,23.7,109.2667,GreenTree Alliance Laibin Railway Station Hotel
318,Naze,JP,72.54,few clouds,28.3667,129.4833,Shishime Hotel
319,Ikom,NG,91.27,light rain,5.9667,8.7063,Ebenezer Beim excellence hotel
323,Ahuimanu,US,74.91,broken clouds,21.4447,-157.8378,Paradise Bay Resort
327,Ghatampur,IN,71.91,clear sky,26.1667,80.1667,OYO 46903 Hotel Sai Palace
328,Sakakah,SA,80.17,clear sky,29.9697,40.2064,Fakhamat Al Orjoana Apartment
330,Nouakchott,MR,94.93,overcast clouds,18.0858,-15.9785,HOTEL IMAN
331,Ikwiriri,TZ,87.26,few clouds,-7.9562,38.9716,Greenland lodge
334,Bubaque,GW,81.07,clear sky,11.2833,-15.8333,"Casa Dora, Bubaque"
338,Masalli,KR,65.88,light rain,34.7959,126.6553,영암펜션
341,Rawson,AR,66.54,broken clouds,-43.3002,-65.1023,Hosteria Sampedro
342,Tessalit,ML,89.02,overcast clouds,20.1986,1.0114,
344,Sterling,US,65.39,few clouds,39.0062,-77.4286,Hampton Inn & Suites Washington-Dulles International Airport
345,Phangnga,TH,77.04,overcast clouds,8.4509,98.5298,Sunimit Mansion
346,Nova Olimpia,BR,91.78,overcast clouds,-14.7972,-57.2881,Motel glamour
350,Abha,SA,66.02,few clouds,18.2164,42.5053,Abha Hotel
355,Rocky Mount,US,69.96,broken clouds,35.9382,-77.7905,Days Inn & Suites by Wyndham Rocky Mount Golden East
359,Chipinge,ZW,74.37,light rain,-20.1883,32.6236,Chipinge Breeze Lodge
363,Acarau,BR,86.47,overcast clouds,-2.8856,-40.12,castelo pizzaria
364,Vila Franca Do Campo,PT,67.19,overcast clouds,37.7167,-25.4333,Pestana Bahia Praia
365,Niort,FR,68.16,clear sky,46.3333,-0.3333,Hôtel Première Classe Niort La Crèche
368,Promissao,BR,87.53,scattered clouds,-21.5367,-49.8581,Recanto Monte Cristo
369,Albi,FR,73.45,few clouds,43.9298,2.148,Au soleil d'Albi
370,Gat,IL,79.48,clear sky,31.61,34.7642,OlusHome
373,Hirakud,IN,72.46,clear sky,21.5167,83.8667,Hotel Park In
374,Maumere,ID,80.92,overcast clouds,-8.6199,122.2111,Sylvia Hotel
376,South Venice,US,81.05,clear sky,27.0531,-82.4243,"Island Sun Inn & Suites - Venice, Florida Historic Downtown & Beach Getaway"
377,Bahia Honda,CU,77.52,moderate rain,22.9036,-83.1592,Casa Gualberto - Deysi
379,Sambava,MG,77.32,clear sky,-14.2667,50.1667,Melrose
380,Dubbo,AU,66.33,scattered clouds,-32.25,148.6167,Quality Inn Dubbo International
383,Taltal,CL,65.46,broken clouds,-25.4,-70.4833,Residencial Karime
387,Hwange,ZW,78.21,light rain,-18.3693,26.5019,Hwange Colliery Guest House
389,Pyu,MM,72.12,clear sky,18.4833,96.4333,Mr Bo Bo
391,Morant Bay,JM,85.62,broken clouds,17.8815,-76.4093,Whispering Bamboo Cove Resort
392,Mae Sai,TH,66.38,clear sky,20.4335,99.8762,Piyaporn Hill Paradise Hotel
393,Ponta Do Sol,PT,74.03,overcast clouds,32.6667,-17.1,Hotel do Campo
401,Srandakan,ID,78.57,light rain,-7.9386,110.2506,Puri Brata
402,Itarema,BR,85.66,overcast clouds,-2.9248,-39.9167,"Sea Lounge! Bar, Club & Restaurant"
403,Samarai,PG,81.01,overcast clouds,-10.6167,150.6667,Nuli Sapi
404,Rocha,UY,75.13,clear sky,-34.4833,-54.3333,Hotel Arrarte
409,Naron,ES,70.65,scattered clouds,43.5167,-8.1528,Marcial
410,La Union,PE,68.95,broken clouds,-5.4,-80.75,Los Portales
411,Carutapera,BR,81.1,broken clouds,-1.195,-46.02,Lidera
412,Trelew,AR,69.84,overcast clouds,-43.249,-65.3051,Hotel Touring Club
413,Fontem,CM,80.2,light rain,5.4685,9.8818,Vista Palace Hotel
414,Gorontalo,ID,76.77,overcast clouds,0.5412,123.0595,Maqna Hotel by Prasanthi
415,Lambari,BR,78.85,broken clouds,-21.9756,-45.3503,Summit Lago Hotel
416,Manta,EC,74.98,scattered clouds,-0.95,-80.7333,Balandra Hotel
417,Bereda,ES,67.14,scattered clouds,43.2686,-7.5406,Pazo de Verdes
419,Tazmalt,DZ,74.71,clear sky,36.3868,4.3989,Hôtel Numédia
420,Mount Isa,AU,74.97,overcast clouds,-20.7333,139.5,ibis Styles Mt Isa Verona
423,Delhi,IN,71.69,haze,28.6667,77.2167,Maidens Hotel
427,Trairi,BR,86.68,overcast clouds,-3.2778,-39.2689,janelas do mar
429,Mutum,BR,72.79,overcast clouds,-19.8,-41.4383,Hotel do Djalma
430,Santa Ines,BR,87.08,broken clouds,-3.6667,-45.38,Palace hotel
433,Catamarca,AR,80.58,overcast clouds,-28.4696,-65.7852,Amerian Catamarca Park Hotel
434,Kaliua,TZ,76.77,overcast clouds,-5.0606,31.7936,Millennium Complex
435,General Roca,AR,68.63,light rain,-39.0333,-67.5833,Hotel El Recreo
436,Kutum,SD,82.31,clear sky,14.2,24.6667,Dibbo areaمنطقة دبو
437,Graaff-Reinet,ZA,85.26,broken clouds,-32.2522,24.5308,Rietjiesbos Self Catering
439,Acapulco,MX,76.82,clear sky,16.8634,-99.8901,HS Hotsson Smart Acapulco
440,Necochea,AR,70.48,light rain,-38.5473,-58.7368,dyd -mar Hotel
442,Ca Mau,VN,76.57,overcast clouds,9.1769,105.15,Mường Thanh Luxury Cà Mau Hotel
444,Bilma,NE,84.27,clear sky,18.6853,12.9164,Expeditions Ténére voyages
445,Boende,CD,82.81,overcast clouds,-0.2167,20.8667,
446,Navirai,BR,83.88,overcast clouds,-23.065,-54.1906,Dubai Hotel - Também sua casa!
447,Kununurra,AU,84.18,clear sky,-15.7667,128.7333,Hotel Kununurra
449,Coahuayana,MX,73.04,clear sky,18.7333,-103.6833,El rranchito michuacan de ocampos
451,Saurimo,AO,73.8,light rain,-9.6608,20.3916,Hotel Kawissa Saurimo
452,Candido Mendes,BR,83.41,broken clouds,-1.4467,-45.7167,Quebrada Do Mlk PJL
454,Fairfield,US,70.18,broken clouds,41.2668,-73.3162,
455,Chandur,IN,71.04,scattered clouds,19.7333,79.1833,Devasni Chit Funds P Ltd(SURYA)
456,Port Keats,AU,83.62,clear sky,-14.25,129.55,Kardu Durrikardu Numida Hostel
457,Caucaia,BR,89.31,broken clouds,-3.7361,-38.6531,M.O.S. Logística - Filial Fortaleza
458,Hobe Sound,US,80.98,few clouds,27.0595,-80.1364,Floridays RV Park
459,Fukue,JP,69.78,overcast clouds,32.6881,128.8419,Goto Guesthouse Utojuku & SA Car Rental
460,Armeria,MX,73.47,few clouds,18.9333,-103.9667,Hotel la Herradura
463,Faya,SA,66.31,broken clouds,18.3851,42.4509,شيلة نسايم
464,Labuhan,ID,80.65,overcast clouds,-6.8844,112.2051,DoubleFAG
466,Surt,LY,72.34,clear sky,31.2089,16.5887,فندق المدينة
469,Cayenne,GF,77.04,moderate rain,4.9333,-52.3333,Hôtel Le Dronmi
470,Belen,TR,66.34,clear sky,36.4891,36.2233,Varlıbaş Uyku Sarayı
474,Black River,JM,78.51,overcast clouds,18.0264,-77.8487,Idlers' Rest Beach Hotel
476,Mecca,SA,87.06,scattered clouds,21.4267,39.8261,"Makkah Clock Royal Tower, A Fairmont Hotel"
477,Idenao,CM,82.31,light rain,4.2475,9.0047,Moland Beach Resort
478,Durban,ZA,86.92,overcast clouds,-29.8579,31.0292,Hilton Durban
485,Vanimo,PG,79.18,overcast clouds,-2.6741,141.3028,Vahmoneh Lodge Vanimo
486,Maxixe,MZ,84.02,scattered clouds,-23.8597,35.3472,Oceano
488,Palu,ID,77.32,overcast clouds,-0.8917,119.8707,Hotel Santika Palu
494,Mocuba,MZ,90.68,broken clouds,-16.8392,36.9856,Phama Lodge
495,Ploemeur,FR,65.62,clear sky,47.7333,-3.4333,Best Western Plus Hotel Les Rives Du Ter
497,Alofi,NU,76.39,broken clouds,-19.0595,-169.9187,Taloa Heights
498,Trincomalee,LK,79.18,overcast clouds,8.5711,81.2335,Welcombe Hotel
503,Sao Domingos,BR,85.46,overcast clouds,-13.3983,-46.3183,Hotel e Restaurante Uirapuru (Márcio uirapuru )Em São Domingos -Go
505,Padrauna,IN,69.35,clear sky,26.9025,83.9819,Hotel Sky Lark
508,Namatanai,PG,79.18,light rain,-3.6667,152.4333,Seagulls Inn Namatani
511,Lagunas,PE,89.98,broken clouds,-5.2269,-75.6753,Hospedaje Eco
512,Kerema,PG,78.78,broken clouds,-7.9631,145.7785,Frena Lodge
513,Tocopilla,CL,67.69,clear sky,-22.092,-70.1979,Hotel Galvarino
516,Mizdah,LY,70.74,broken clouds,31.4451,12.9801,محمدالمبروك الاريقط
517,Portoviejo,EC,74.61,overcast clouds,-1.05,-80.45,HOTEL JAVA
519,Warangal,IN,73.54,overcast clouds,18.0,79.5833,Capital O 66968 Haveli The Landmark
524,Manga,BF,94.78,broken clouds,11.6636,-1.0731,Auberge du 11 décembre de la cité CNSS à Manga
525,Richards Bay,ZA,85.48,broken clouds,-28.783,32.0377,BON Hotel Waterfront Richards Bay
528,Quatre Cocos,MU,75.31,clear sky,-20.2078,57.7625,Sunrise Attitude Hotel
529,Mattru,SL,86.29,light rain,7.6244,-11.8332,"Mondkor Town, Bagbo Chiefdom, Bo District"
533,Jalu,LY,72.63,overcast clouds,29.0331,21.5482,صاحبة الفخامة
535,Bongandanga,CD,82.35,broken clouds,1.5,21.05,
541,Mao,ES,72.16,few clouds,39.8885,4.2658,ARTIEM Capri
543,Venice,US,80.28,clear sky,27.0998,-82.4543,A Beach Retreat On Casey Key
544,Maragogi,BR,82.6,broken clouds,-9.0122,-35.2225,Salinas do Maragogi All Inclusive Resort
549,Akola,IN,77.36,broken clouds,20.7333,77.0,Hotel City Pride
550,Jamkhed,IN,74.98,scattered clouds,18.7362,75.3121,Ugale's Residence
551,Pringsewu,ID,75.15,light rain,-5.3582,104.9744,Urban Style by Front One
555,Bandarbeyla,SO,79.77,clear sky,9.4942,50.8122,JABIR HOTEL
560,Abu Samrah,SY,67.93,clear sky,35.3029,37.1841,
562,Caluquembe,AO,79.79,broken clouds,-13.7833,14.6833,Hotel Kalukembe
564,Les Cayes,HT,82.96,clear sky,18.2,-73.75,Villa Orphee
565,Meiganga,CM,86.86,broken clouds,6.5167,14.3,DFR HOUSE
566,Santa Helena De Goias,BR,87.75,overcast clouds,-17.8136,-50.5969,Castro Castle Hotel
567,Cabedelo,BR,79.47,scattered clouds,-6.9811,-34.8339,Pousada Camboinha
573,Monrovia,LR,85.77,light rain,6.3005,-10.7969,Sunset Inn
574,Pho Chai,TH,81.09,broken clouds,16.3283,103.7703,ก๊อฟคุงยางมือสอง
578,Kassala,SD,94.17,broken clouds,15.451,36.4,Amassi Hotel Gash
581,Sarangani,PH,84.02,light rain,5.4033,125.4636,JVL Inn and Cafeteria
585,Terra Santa,BR,94.59,overcast clouds,-2.1042,-56.4869,Hotel Sarah
586,Taquaritinga,BR,84.25,scattered clouds,-21.4061,-48.5047,J M Hotel
587,Basoko,CD,80.44,light rain,1.2391,23.616,Jackyna Hotel
588,Tigzirt,DZ,72.97,clear sky,36.8886,4.1198,Bloc D tazoumbirt (amar)
593,Alice Springs,AU,87.35,scattered clouds,-23.7,133.8833,Desert Palms Alice Springs
594,Gohpur,IN,66.18,few clouds,26.8833,93.6333,Murchana Music
595,Potrerillos,HN,83.66,few clouds,15.2333,-87.9667,Colonia klavaskin
596,Petionville,HT,78.49,few clouds,18.5125,-72.2853,Hotel NH Haiti El Rancho
597,Sampit,ID,75.78,light rain,-2.5333,112.95,Aquarius Boutique Hotel Sampit
599,Jocon,HN,69.3,clear sky,15.2833,-86.9667,
600,Iralaya,HN,81.82,light rain,15.0,-83.2333,Iglesia morava renovada
605,Biak,ID,78.4,overcast clouds,-0.9131,122.8766,Penginapan Kim
606,Thohoyandou,ZA,79.3,light rain,-22.9456,30.485,Masili Guesthouse & Conference
611,Xuddur,SO,84.72,overcast clouds,4.1213,43.8894,Banjanay Hotel
612,Prado,BR,82.49,broken clouds,-17.3411,-39.2208,INN CORNER RIVER - PRADO - BAHIA - HOUSING AND HOTEL
615,Ixtapa,MX,72.23,clear sky,20.7,-105.2,hotel la terminal
617,Pandamatenga,BW,80.38,overcast clouds,-18.5278,25.627,Wildtrack Safaris Eco Lodge
618,Vero Beach,US,78.04,mist,27.6386,-80.3973,Kimpton Vero Beach Hotel & Spa
623,Greenwood,US,65.62,overcast clouds,34.1668,-82.1165,Quality Inn Greenwood Hwy 25
626,Pedasi,PA,78.96,light rain,7.5333,-80.0333,Hotel Casa de Campo Pedasí
627,Benedita,PT,71.96,overcast clouds,39.4247,-8.97,Residência DonaMaria
628,Chabahar,IR,80.49,clear sky,25.2919,60.643,هتل گدروشیا
629,Brufut,GM,93.29,clear sky,13.3814,-16.7518,Gambia Hotel Resort & Spa
634,Taganak,PH,80.74,few clouds,6.0833,118.3,Taganak
635,Riyadh,SA,86.14,clear sky,24.6877,46.7219,"InterContinental Riyadh, an IHG Hotel"
636,Mareeba,AU,72.32,clear sky,-17.0,145.4333,Trinity Plains Tourist Park
637,Son La,VN,65.77,clear sky,21.3167,103.9,Galaxy Grand Hotel
638,Ankazoabo,MG,85.5,light rain,-22.2833,44.5167,ENCEIN BUREAU CISCO
639,Pombas,CV,80.38,clear sky,17.1503,-25.0201,Paul Paradis
640,Lujan,AR,76.01,light rain,-34.5703,-59.105,Hotel Biarritz
641,San Vicente,AR,80.51,overcast clouds,-26.6167,-54.1333,Complejo Turístico Farelluk
643,Oussouye,SN,93.38,few clouds,12.485,-16.5469,Auberge du Routard
644,Totness,SR,83.44,broken clouds,5.8833,-56.3167,STAATS LOGEERGEBOUW TOTNESS
645,Pitimbu,BR,79.39,scattered clouds,-7.4706,-34.8086,Reserva do Abiaí
647,Aden,YE,80.64,clear sky,12.7794,45.0367,Sama Emirate Hotel
649,Uthal,PK,82.74,clear sky,25.8072,66.6219,Al-Mustafa Hotel
650,Katsuura,JP,66.78,clear sky,35.1333,140.3,Katsuura Hotel Mikazuki
651,Wajid,SO,84.94,broken clouds,3.8093,43.2471,xamdihotelresturant114
652,Srimushnam,IN,75.81,overcast clouds,11.4,79.4167,R.senthilnathsn
653,Nisia Floresta,BR,86.81,broken clouds,-6.0911,-35.2086,Rancho Crepusculo
655,Wewak,PG,80.2,overcast clouds,-3.5534,143.6268,In Wewak Boutique Hotel
656,Atar,MR,91.98,clear sky,20.5169,-13.0499,Oumou Elghoura
657,Bowen,AU,76.1,clear sky,-20.0167,148.2333,Castle Motor Lodge Motel
658,Hobyo,SO,82.67,scattered clouds,5.3505,48.5268,Halane Hotel and Restaurent
659,Poum,NC,76.33,few clouds,-20.2333,164.0167,
660,Hervey Bay,AU,71.78,clear sky,-25.2986,152.8535,Shelly Bay Resort
661,Massakory,TD,94.6,clear sky,12.996,15.7293,Chabakari - Am Doukhan
663,Esna,EG,82.42,clear sky,25.2934,32.554,Orient Star Dahabyia Isna 05 Nights Each Sunday
664,Batie,BF,93.45,broken clouds,9.8833,-2.9167,Auberge SONDAR AFACI
666,Marang,MY,78.3,broken clouds,5.2056,103.2059,DBarakah Homestay
668,Boa Vista,BR,85.98,scattered clouds,2.8197,-60.6733,Aipana Plaza Hotel
669,Kaohsiung,TW,82.04,scattered clouds,22.6163,120.3133,御宿商旅-中山館
671,Manokwari,ID,79.12,overcast clouds,-0.8667,134.0833,Swiss Belhotel Manokwari
673,Luena,AO,77.09,light rain,-11.7833,19.9167,Hotel Kandamba
675,Monte Carmelo,BR,85.48,overcast clouds,-18.7247,-47.4986,Park hotel
677,Lucapa,AO,75.76,light rain,-8.4192,20.7447,Lírio Mendes
678,Nantucket,US,66.34,broken clouds,41.2835,-70.0995,Jared Coffin House
681,Patamundai,IN,73.72,few clouds,20.5667,86.5667,Divine Palace and Lodge
683,Santo Tomas,PH,80.85,overcast clouds,14.1079,121.1414,Microtel by Wyndham Batangas
684,Inirida,CO,85.68,broken clouds,3.8653,-67.9239,Fuente del Guania Hotel de Lujo
685,Bartica,GY,85.26,overcast clouds,6.4,-58.6167,Sloth Island Nature Resort
686,Nanning,CN,75.65,clear sky,22.8167,108.3167,Nanning Travelling With Hostel
688,Edgewater,US,74.01,few clouds,28.9889,-80.9023,Islander Beach Resort
690,Vredendal,ZA,71.64,clear sky,-31.6683,18.5012,Tharrakamma Guest House
692,Saint-Pierre,RE,76.68,clear sky,-21.3393,55.4781,Alize Plage
693,Thap Than,TH,75.7,broken clouds,15.4606,99.8917,ขวัญเรือน ขำสุข
694,Umm Lajj,SA,80.62,clear sky,25.0213,37.2685,Moon light Furnished Units
695,Cascais,PT,74.52,clear sky,38.6979,-9.4215,Hotel Vila Galé Cascais
696,Wenling,CN,68.77,scattered clouds,28.3669,121.36,Hanting Express Wenling Wanchang North Road
698,Fasa,IR,69.04,scattered clouds,28.9383,53.6482,Fasa University Boys' Dormitory
699,Menemen,TR,69.17,clear sky,38.6075,27.0694,Orkide Otel
700,Galle,LK,78.73,moderate rain,6.0367,80.217,Amangalla
701,Pagudpud,PH,79.75,clear sky,18.5616,120.7868,Saud Beach Resort and Hotel - 2
702,Majalgaon,IN,73.89,broken clouds,19.15,76.2333,Yash Shri
703,Mongoumba,CF,84.31,light rain,3.6415,18.5936,
